x,y,z,foc,aim x,aim y,aim z
m,m,m,m,m,m,m
7.063423060282414,87.49619460680138,7.0,212.02470614529759,0.0,0.0,200.0
